Unit Mass,Assignment,Document Mass
1,H+,1.0073
2,H2+,2.0152
6,6Li+,6.0146
7,Li+,7.0155
11,B+,11.0088
12,C+,11.9995
15,CH3+,15.023
18,NH4+,18.0339
19,OH3+,19.0179
20,Ca++,19.9807
23,Na+,22.9892
24,Mg+,23.9845
25,25Mg+,24.9853
26,26Mg+,25.982
27,"Al+, C2H3+","26.9810, 27.0230"
28,Si+,27.9764
29,"C2H5+, 29Si+","29.0386, 28.9759"
30,"CH4N+, 30Si+","30.0339, 29.9732"
31,OCH3+,31.0179
39,"K+, C3H3+","38.9632, 39.0230"
40,Ca+,39.962
41,"C3H5+, 41K+","41.0386, 40.9613"
43,C3H7+,43.0543
44,C2H6N+,44.0495
45,"SiOH+, C2H5O+","44.9792, 45.0335"
46,"Na2+, C2H8N+","45.9790, 46.0652"
53,C4H5+,53.0386
55,C4H7+,55.0543
56,"Fe+, Si2+, C3H6N+","55.9344, 55.9534, 56.0495"
57,"C4H9+, CaOH+","57.0699, 56.9648"
62,Na2O+,61.974
63,Na2OH+,62.9818
70,C4H8N+,70.0652
73,SiC3H9+,73.0469
77,C6H5+,77.0386
86,C5H12N+,86.0965
88,C4H10NO+,88.0757
91,C7H7+,91.0543
92,Na2NO2+,91.9719
105,C8H9+,105.0699
108,Na2NO3+,107.9669
115,C9H7+,115.0543
147,Si2OC5H15+,147.0656
165,Na3SO4+,164.9205